{
  "version": "1.0",
  "defaultProvider": "cdnjs",
  "libraries": [
    {
      "provider": "cdnjs",
      "library": "jquery@3.5.0",
      "destination": "wwwroot/lib/jquery/"
    },
    {
      "provider": "filesystem",
      "library": "C:/Users/User/Downloads/bootstrap-4.4.1-dist/bootstrap/",
      "destination": "wwwroot/lib/bootstrap/"
    },
    {
      "provider": "cdnjs",
      "library": "jquery-validate@1.19.1",
      "destination": "wwwroot/lib/jquery-validate/"
    },
    {
      "provider": "cdnjs",
      "library": "jquery-validation-unobtrusive@3.2.11",
      "destination": "wwwroot/lib/jquery-validation-unobtrusive/"
    }
  ]
}